time,open,high,low,close,Volume,Volume MA
1625184000,16.30100919,16.30100919,16.30100919,16.30100919,0.00525706,NaN
1625270400,16.30100919,18.76802995,16.28880601,18.76802995,0.0157083,NaN
1625356800,18.76802995,19.78031042,18.73379068,19.45084961,0.01565046,NaN
1625443200,19.45084961,19.45084961,17.05257223,17.05257223,0.01090604,NaN
1625529600,17.05257223,17.05257223,15.05597956,15.05597956,0.01648629,NaN
1625702400,15.05597956,15.89690594,15.05597956,15.89690594,0.00796731,NaN
1625788800,15.89690594,49.68464202,15.89690594,18.74658314,0.14111385,NaN
1625875200,18.74658314,18.74658314,18.44558391,18.44558391,0.02538272,NaN
1625961600,18.44558391,18.52258497,18.44558391,18.52258497,0.00550404,NaN
1626134400,18.52258497,18.57170057,17.25245817,18.57170057,0.04390292,NaN
1626220800,18.57170057,19.91692092,18.57170057,19.74714525,0.0348278,NaN
1626307200,19.74714525,20.0502421,18.99593175,20.0502421,0.15377762,NaN
1626393600,20.0502421,20.48682571,19.74337559,19.74337559,0.07829568,NaN
1626480000,19.74337559,19.74337559,19.63170318,19.63170318,0.00061126,NaN
1626566400,19.63170318,19.63170318,16.74726719,19.26846752,0.66036869,NaN
1626652800,19.26846752,19.26846752,18.94603753,18.94603753,0.02647394,NaN
1626739200,18.94603753,18.94603753,18.5003295,18.58506821,0.04884037,NaN
1626825600,18.58506821,19.54626877,18.56412815,19.54626877,0.28688205,NaN
1626912000,19.54626877,19.6934351,18.93993864,19.6934351,0.06193882,NaN
1626998400,19.6934351,20.74391943,19.6934351,20.74391943,0.2717328,0.09558140100000001
1627084800,20.74391943,20.96170559,20.17055812,20.96170559,0.32414201,0.11152564850000002
1627171200,20.96170559,22.58325991,20.96170559,22.50294597,0.24181077,0.122830772
1627257600,22.50294597,22.56972517,21.87948538,21.97983576,0.15298001,0.1296972495
1627344000,21.97983576,22.5437558,21.7779866,22.52700423,0.39521054,0.1489124745
1627430400,22.52700423,22.52700423,22.3255689,22.51007331,0.06726247,0.1514512835
1627516800,22.51007331,24.46089539,22.51007331,23.70593569,0.7642233,0.189264083
1627603200,23.70593569,26.35967879,23.70593569,26.35967879,0.91617051,0.228016916
1627689600,26.35967879,33.09687246,25.19897653,30.80890763,6.31317097,0.5424063285
1627776000,30.80890763,35.68240188,29.50742049,33.15781221,7.10147829,0.897205041
1627862400,33.15781221,33.15781221,29.34704846,31.97110788,4.22408281,1.1062140354999999
1627948800,31.97110788,39.63111217,30.3467517,31.29784939,6.40404747,1.424675019
1628035200,31.29784939,36.78322596,31.29784939,36.13515943,3.95777638,1.614874957
1628121600,36.13515943,43.26367983,35.64245405,42.61802034,3.54681198,1.7883007720000001
1628208000,42.61802034,55.96902225,42.55936539,43.57841077,9.85641283,2.2810908505
1628294400,43.57841077,54.0262954,43.57841077,50.62308936,5.49056648,2.52260074
1628380800,50.62308936,50.62308936,43.27388107,43.27388107,3.27259255,2.6849066704999998
1628467200,43.27388107,45.11864632,39.8152641,44.34199938,5.44563986,2.9547466449999997
1628553600,44.34199938,46.53782727,44.34199938,46.53782727,1.50895945,3.0158505149999995
1628640000,46.53782727,46.53782727,43.831217,45.59809857,2.05895323,3.1157012354999996
1628726400,45.59809857,46.49772877,44.33757814,44.33977791,1.24953515,3.1645913529999996
1628812800,44.33977791,44.56752139,40.84747801,41.33930896,2.07487381,3.252127942999999
1628899200,41.33930896,42.18214836,41.04549589,41.04549589,0.49692249,3.2648835289999996
1628985600,41.04549589,45.88173058,40.83978673,42.60739993,3.12048551,3.4132588039999994
1629072000,42.60739993,42.60739993,40.18397117,41.24952499,1.13154875,3.4500757144999996
1629158400,41.24952499,42.7340216,39.6791839,41.27498572,2.83060068,3.5882426249999995
1629244800,41.27498572,41.79492081,36.46746934,41.73927396,5.51288665,3.8256757924999993
1629331200,41.73927396,48.92872711,40.29317247,48.42778154,7.92772604,4.176253568999999
1629417600,48.42778154,52.26000905,48.32991831,51.8386552,3.35452309,4.028321174999999
1629504000,51.8386552,52.4666066,51.6915348,52.4666066,0.16998287,3.681746403999999
1629590400,52.4666066,52.52027124,50.05352157,50.05352157,0.6846613,3.504775328499999
1629676800,50.05352157,73.81211679,49.82730778,65.31923993,21.11214596,4.240180252999999
1629763200,65.31923993,81.4645054,64.98966908,73.94937381,5.10678902,4.2976308849999985
1629849600,73.94937381,80.9426686,71.46545984,80.63788928,5.11703405,4.376141988499999
1629936000,80.63788928,81.00844749,74.90067898,74.90067898,1.86252912,3.9764478029999992
1630022400,74.90067898,95.42090537,72.17594667,92.49433536,8.90460071,4.147149514499999
1630108800,92.49433536,142.06817991,90.63382413,136.558226,9.36143218,4.451591495999999
1630195200,136.558226,144.49359789,123.22790621,126.48096965,4.13073869,4.385846437499999
1630281600,126.48096965,128.10052838,102.31578332,111.02278123,4.19856796,4.520326862999999
1630368000,111.02278123,124.76646391,109.46842253,117.15855578,3.1244889,4.573603646499999
1630454400,117.15855578,118.32812211,79.33102586,83.83008291,8.59272761,4.940763269499999
1630540800,83.83008291,91.32550983,83.62448244,86.31588942,3.69279758,5.021659457999999
1630627200,86.31588942,93.49638213,81.24354658,93.49638213,2.46765157,5.120195911999999
1630713600,93.49638213,99.26903211,92.85783024,99.26903211,1.20409777,5.024376524999999
1630800000,99.26903211,99.26903211,88.59976429,95.09395949,1.35089841,5.035344008
1630886400,95.09395949,100.02068335,91.60912185,91.60912185,1.42455525,4.9650417365
1630972800,91.60912185,92.05837517,77.17380592,79.03989674,2.23742831,4.8012688195
1631059200,79.03989674,82.13649293,74.83984018,81.76726032,2.26755351,4.518260193
1631145600,81.76726032,87.30883949,76.54839062,86.48460862,2.45203473,4.473135774999999
1631232000,86.48460862,86.60093778,80.52475674,80.52475674,0.58895959,4.494084611
1631318400,80.52475674,80.52475674,73.24259253,73.24259253,0.72748519,4.496225805499999
1631404800,73.24259253,79.33359122,73.24259253,76.62265782,1.04109994,3.4926735044999995
1631491200,76.62265782,76.97501858,72.83954796,75.09385371,2.11238691,3.3429533989999998
1631577600,75.09385371,78.21491595,74.86689436,76.74822866,0.80500759,3.1273520759999998
1631664000,76.74822866,90.3131961,51.86331759,84.52174516,17.4393116,3.9061912
1631750400,84.52174516,103.83598526,83.26160365,96.04937384,9.84487247,3.953204788
1631836800,96.04937384,97.53942957,90.35259036,93.19221883,2.6182563,3.6160459940000003
1631923200,93.19221883,96.01689041,86.06068138,92.06833278,2.17445909,3.518232014
1632009600,92.06833278,98.46022699,89.70346107,94.47077888,2.55085598,3.4358464149999994
1632096000,94.47077888,97.05894342,88.46750525,89.18103106,1.26494216,3.3428690779999997
1632182400,89.18103106,91.22655679,77.91341912,87.03575951,3.68050077,3.097257736
1632268800,87.03575951,91.81042474,85.9348877,91.81042474,2.60514398,3.042875056
1632355200,91.81042474,97.65272115,90.99843864,97.65272115,1.18668215,2.978826585
1632441600,97.65272115,106.67877313,94.61537096,102.61856956,1.45113328,2.9911783605
1632528000,102.61856956,107.83500117,101.72634576,105.78745536,1.33477731,2.9903723055
1632614400,105.78745536,105.78745536,99.14629493,102.97140249,1.24144255,2.9812166705000007
1632700800,102.97140249,103.3833745,99.80758038,101.73651117,0.67637561,2.9031640355000006
1632787200,101.73651117,104.83188531,97.55185813,104.83188531,1.17365744,2.8484692320000007
1632873600,104.83188531,105.74290048,104.24950204,105.08236612,0.15635399,2.7336851950000005
1632960000,105.08236612,123.58998014,105.08236612,121.71121787,1.96508508,2.8024914695000005
1633046400,121.71121787,125.7780045,119.86441068,125.7780045,1.31685576,2.8319599980000008
1633132800,125.7780045,128.15656853,122.51494282,122.51494282,1.06604255,2.8332071285000007
1633219200,122.51494282,122.51494282,117.5622359,119.99235133,0.7156773,2.7633716480000006
1633305600,119.99235133,120.01062768,109.85389391,116.86819404,1.460746,2.7961585685000006
1633392000,116.86819404,116.86819404,111.87316588,115.08892181,1.10837372,1.9796116745000005
1633478400,115.08892181,115.49196036,108.22621025,108.22621025,2.11265576,1.5930008390000006
1633564800,108.22621025,111.04412618,107.2750258,108.4735485,0.97674021,1.5109250345000007
1633651200,108.4735485,110.300576,106.05301701,107.58669289,1.41215748,1.4728099540000008
1633737600,107.58669289,107.58669289,102.90321682,104.38541527,0.83478168,1.3870062390000006
1633824000,104.38541527,104.9947487,103.24723744,103.24723744,0.15145223,1.3313317425000006
1633910400,103.24723744,103.24723744,100.29212701,100.57165802,0.75141829,1.1848776185000007
1633996800,100.57165802,100.83244098,97.20264336,98.35207764,1.18567619,1.1139042290000005
1634083200,98.35207764,111.58137199,97.75887619,103.50256753,2.40400677,1.1747704600000006
1634169600,103.50256753,107.35459698,103.44884223,107.35459698,0.38049397,1.1212384945000005
1634256000,107.35459698,107.35459698,101.6979847,104.1589406,0.82933045,1.0959661515000005
1634342400,104.1589406,104.35091628,102.93928325,102.93928325,0.1204658,1.0399173140000006
1634428800,102.93928325,103.18501461,102.42171391,102.42171391,0.05165778,1.0086814225000007
1634515200,102.42171391,102.42171391,101.24114039,101.24114039,0.13784182,0.9568906415000006
1634601600,101.24114039,101.24114039,96.24700773,97.72822128,1.63216438,1.0306811610000006
1634688000,97.72822128,99.2381054,83.38302787,92.86095213,3.11791751,1.0883227825000006
1634774400,92.86095213,92.86095213,84.70258534,91.08873468,3.88396403,1.2166781960000006
1634860800,91.08873468,91.50733777,82.20174047,88.38791792,2.65752847,1.2962524920000007
1634947200,88.38791792,93.19274103,88.38791792,93.11312922,0.74500049,1.2977186515000008
1635033600,93.11312922,93.24764259,92.54668384,93.11739117,0.0783766,1.2286001815000005
1635120000,93.11739117,101.14886484,92.4853199,97.31823113,1.80127348,1.2632451695000007
1635206400,97.31823113,97.31823113,94.16196973,94.16196973,0.60747312,1.1879860375000006
1635292800,94.16196973,94.57797752,94.16196973,94.57797752,0.01230323,1.1397641885000007
1635379200,94.57797752,99.55288371,94.22514343,94.22514343,1.14808689,1.1265606590000008
1635465600,94.22514343,96.73382759,93.04206713,95.37328622,0.95195986,1.1324195680000009
1635552000,95.37328622,96.12074652,94.42153916,95.93914547,0.35628924,1.1426614185000008
1635638400,95.93914547,95.93914547,91.98294217,95.74408673,0.68602738,1.1393918730000006
1635724800,95.74408673,95.74408673,94.07525421,94.07525421,0.20147995,1.0901820610000006
1635811200,94.07525421,94.98696545,93.62327311,94.98696545,0.13317771,0.9766406080000006
1635897600,94.98696545,95.0224424,91.2098771,91.2098771,0.37439953,0.9763358860000008
1635984000,91.2098771,91.7048137,88.53709532,88.53709532,0.37046117,0.9533924220000006
1636070400,88.53709532,89.29485275,88.49951085,88.68879642,0.10181521,0.9524598925000006
1636156800,88.68879642,88.68879642,86.05707942,86.05707942,0.31377008,0.9655655075000007
1636243200,86.05707942,86.21794309,83.16332126,83.34954368,0.49382608,0.9833647205000009
1636329600,83.34954368,85.17785412,81.08211244,82.300257,2.05400477,1.0044567400000008
1636416000,82.300257,82.300257,81.42518159,81.42518159,0.03,0.8500608645000011
1636502400,81.42518159,81.60500053,81.02682135,81.18572468,0.04692904,0.6582091150000011
1636588800,81.18572468,81.18572468,76.49585257,76.49585257,0.85698864,0.5681821235000012
1636675200,76.49585257,76.49585257,71.29331807,73.42471011,2.08835777,0.6353499875000012
1636761600,73.42471011,75.97356332,73.42471011,75.97356332,0.42871756,0.6528670355000011
1636848000,75.97356332,85.22359592,74.1318572,85.22359592,3.47239523,0.7364231230000011
1636934400,85.22359592,87.60512075,79.42285831,83.77011719,3.44490661,0.8782947975000012
1637020800,83.77011719,87.48616328,81.8646418,86.67459536,1.97565136,0.9764622040000012
1637107200,86.67459536,87.79823829,83.46779417,87.79823829,2.39751098,1.0389334085000013
1637193600,87.79823829,88.51355203,86.22106202,87.32746684,0.44642845,1.0136568380000013
1637280000,87.32746684,88.78765629,86.72100172,87.64042168,0.37463084,1.0145739180000013
1637366400,87.64042168,87.75127594,86.76736993,87.28492032,0.27111957,0.9938285275000014
1637452800,87.28492032,87.45634192,85.31550397,87.11726242,0.67889027,1.0176990435000015
1637539200,87.11726242,87.11726242,82.57429076,82.80931987,0.69885201,1.0459827585000014
1637625600,82.80931987,82.80931987,81.44127374,81.44127374,0.183,1.0364127820000015
1637712000,81.44127374,81.9858913,81.30984621,81.30984621,0.06273005,1.0210262260000014
1637798400,81.30984621,83.58380649,80.92339749,83.58380649,0.37351296,1.0346111135000013
1637884800,83.58380649,83.58380649,82.14148879,82.71101965,0.37092326,1.0374687725000014
1637971200,82.71101965,82.71101965,80.66190005,80.66190005,0.30179298,1.0278671175000011
1638057600,80.66190005,80.66190005,79.56958758,79.56958758,0.13823967,0.9320788625000013
1638144000,79.56958758,79.56958758,78.93225349,78.93225349,0.17302775,0.9392302500000012
1638230400,78.93225349,78.93225349,72.11329753,76.69963208,2.03501911,1.0386347535000013
1638316800,76.69963208,76.69963208,74.67015603,74.67015603,0.4484125,1.0182059465000013
1638403200,74.67015603,74.67015603,68.29764966,71.300553,3.06639455,1.067107785500001
1638489600,71.300553,71.300553,66.20097929,66.20097929,1.6064002,1.125991917500001
1638576000,66.20097929,68.95572433,64.94509284,68.57932848,5.12367069,1.2085556905000012
1638662400,68.57932848,71.42562608,65.88194545,66.87722681,2.65059266,1.168839993000001
1638748800,66.87722681,67.59246357,61.97894204,65.69198827,2.29265736,1.1846902930000012
1638835200,65.69198827,70.26746814,65.69198827,69.48951908,2.10954785,1.170292136500001
1638921600,69.48951908,71.61282212,69.01588804,69.01588804,1.25280745,1.210611086500001
1639008000,69.01588804,69.43421376,67.22608055,67.22608055,0.33419084,1.2085890865000013
1639094400,67.22608055,67.22608055,61.77160733,63.58362933,2.20099549,1.3050828825000012
1639180800,63.58362933,65.42835091,61.5650107,65.42835091,1.09394297,1.3258355175000012
1639267200,65.42835091,71.20752921,65.42835091,65.82803771,2.4742949,1.4146076620000012
1639353600,65.82803771,65.82803771,52.10538351,56.54265186,4.60929612,1.635922468000001
1639440000,56.54265186,60.9274163,56.54265186,60.81672605,0.5180518,1.6586885555000013
1639526400,60.81672605,66.43322394,59.63228723,60.09871564,3.85518244,1.8327720295000014
1639612800,60.09871564,60.09871564,55.5863178,57.90513825,2.30601871,1.9295268020000016
1639699200,57.90513825,60.41037167,57.90513825,58.55107491,1.05011176,1.9669427410000015
1639785600,58.55107491,58.55107491,58.11711459,58.41639101,0.03251018,1.9616562665000017
1639872000,58.41639101,59.10399184,58.05040882,58.27391883,0.55899091,1.9809544245000015
1639958400,58.27391883,58.27391883,56.90609483,57.28218828,0.60885018,1.9096459780000015
1640044800,57.28218828,57.28218828,53.66079818,53.66079818,1.55444501,1.9649476035000013
1640131200,53.66079818,53.66079818,51.76522841,51.76522841,1.11068823,1.8671622875000016
1640217600,51.76522841,53.67168393,51.13080967,53.67168393,0.77187563,1.8254360590000012
1640304000,53.67168393,67.5158123,53.67168393,60.94616701,11.54119435,2.1463122420000014
1640390400,60.94616701,63.32284644,60.94616701,62.12389713,0.3182916,2.029697189000001
1640476800,62.12389713,73.82397714,60.50842006,69.11770268,6.9261402,2.261371331000001
1640563200,69.11770268,69.11770268,64.78924908,66.91112958,5.29727039,2.4207574580000015
1640649600,66.91112958,67.88588825,63.43483176,63.43483176,1.57191361,2.4367127660000016
1640736000,63.43483176,64.83319708,63.27306738,63.27306738,0.62098944,2.451052696000002
1640822400,63.27306738,64.88001456,63.09322373,63.44840605,0.55797825,2.3689018340000016
1640908800,63.44840605,65.08877921,60.85780693,61.23887313,2.82523089,2.4554662300000016
1640995200,61.23887313,66.86271289,61.23887313,65.92257447,1.9602395,2.429763460000002
1641081600,65.92257447,66.35639776,62.67488628,65.38593709,3.38826413,2.368711860500002
1641168000,65.38593709,66.88669423,63.86909011,65.2611212,2.38893615,2.462256078000002
1641254400,65.2611212,65.33414761,63.64860753,64.16772088,1.83920035,2.361456973500002
1641340800,64.16772088,64.16772088,56.90969963,57.03227801,3.76557483,2.4344347795000014
1641427200,57.03227801,59.6621871,53.30827204,55.22427588,5.60815017,2.6623367000000018
1641513600,55.22427588,63.33004166,55.22427588,58.68983092,6.00303904,2.9608631430000014
1641600000,58.68983092,60.62539169,55.27445618,60.62539169,4.76348678,3.1710879365000015
1641686400,60.62539169,60.98256956,55.67958688,59.9325092,4.45915439,3.3636031470000014
1641772800,59.9325092,60.4907309,58.3037464,58.3037464,0.51097372,3.3114295825000015
1641859200,58.3037464,58.3037464,57.83900855,57.83900855,0.00755679,3.2562730105000015
1641945600,57.83900855,59.39935822,57.17702862,59.39935822,0.84796636,3.2600775470000016
1642118400,59.39935822,59.39935822,57.83482256,57.83482256,0.36016122,2.7010258905000017
1642204800,57.83482256,60.93144258,56.28233012,60.86533342,3.59733972,2.8649782965000017
1642291200,60.86533342,61.14740182,60.36780434,60.76798679,0.20008105,2.528675339000002
1642377600,60.76798679,61.76169221,59.95851226,59.95851226,0.64383499,2.296003569000002
1642464000,59.95851226,59.95851226,58.47842219,58.47842219,0.31474488,2.2331451325000016
1642550400,58.47842219,60.01032825,56.47482984,60.01032825,1.73331338,2.2887613295000016
1642636800,60.01032825,62.41806659,59.77887109,62.41806659,0.56745528,2.2892351810000013
1642723200,62.41806659,63.95226858,60.74040936,62.28982271,2.47733638,2.2718404555000014
1642809600,62.28982271,66.1864587,62.23885918,66.03666672,3.64999541,2.3563282510000017
1642896000,66.03666672,68.90820828,66.03666672,68.27120837,1.71718587,2.2727743380000014
1642982400,68.27120837,69.06445997,63.52471236,63.64163058,3.04035369,2.3053452150000013
1643068800,63.64163058,77.57391057,63.64163058,77.57391057,4.41935435,2.434352915000001
1643155200,77.57391057,81.80102536,77.10051946,78.93550612,2.92811677,2.3924800120000014
1643241600,78.93550612,78.93550612,76.27726472,77.39155528,1.70555224,2.1973501155000017
1643328000,77.39155528,84.15985282,77.39155528,83.49775516,1.11464219,1.9529302730000015
1643414400,83.49775516,83.56806216,80.63958468,82.28175714,0.87945378,1.7587286230000014
1643500800,82.28175714,82.28175714,78.66275656,78.66275656,0.78954867,1.5752483370000012
1643587200,78.66275656,84.2421647,71.90853842,83.33594418,6.12547248,1.8559732750000013
1643673600,83.33594418,83.33594418,80.42391947,80.42391947,1.44146674,1.9276687725000012
1643760000,80.42391947,80.42391947,67.05663298,70.54334966,6.69411904,2.219976406500001
1643846400,70.54334966,71.21301274,65.82423937,66.16088987,5.54349126,2.479142908500001
1643932800,66.16088987,67.04761982,62.14473453,64.33637647,3.14252827,2.456402336000001
1644019200,64.33637647,67.17629574,62.61388534,67.06707202,2.17303825,2.5550501960000007
1644105600,67.06707202,67.78186307,67.05847783,67.05847783,0.30501518,2.5381092055000005
1644192000,67.05847783,67.64994531,66.15204193,66.15204193,0.52536905,2.5486404140000007
1644278400,66.15204193,66.15204193,63.70171767,63.70171767,0.60026782,2.4919881360000007
1644364800,63.70171767,64.92059273,63.35632775,63.65923982,0.72747049,2.499988896500001
1644451200,63.65923982,68.87903292,63.65923982,64.9540597,2.46196245,2.4992202000000012
1644537600,64.9540597,64.9540597,64.16288101,64.56674272,0.00696579,2.317068719000001
1644624000,64.56674272,68.90131679,62.40380826,67.56440586,2.16962109,2.339690480000001
1644710400,67.56440586,71.6788287,67.56440586,70.77462083,1.10696465,2.2430210280000016
1644796800,70.77462083,75.09621987,70.77462083,71.21162364,2.00777437,2.1224420290000015
1644883200,71.21162364,71.21162364,68.31470537,68.31470537,0.87074347,2.0195733640000015
1644969600,68.31470537,69.5746034,66.64776405,68.48404936,1.77584633,2.0230880685000012
1645056000,68.48404936,68.48404936,65.21709745,65.59180134,1.0614509,2.020428504000001
1645142400,65.59180134,66.12727806,65.59180134,66.12727806,0.15,1.9839558150000012
1645228800,66.12727806,66.12727806,65.37081888,65.75370876,0.16815008,1.952885885500001
1645315200,65.75370876,66.32719866,64.70171484,65.52730701,0.906801,1.691952311500001
1645401600,65.52730701,66.13961245,65.10973756,65.25841207,0.42620642,1.641189295500001
1645488000,65.25841207,65.37686715,64.88910739,65.37686715,0.02151895,1.307559291000001
1645574400,65.37686715,65.37686715,58.66792309,64.06266145,4.83170917,1.271970186500001
1645660800,64.06266145,64.06266145,58.21376293,59.96971199,2.47596602,1.238642074000001
1645747200,59.96971199,63.77204117,58.30878492,60.57412224,2.76565686,1.268273004500001
1645833600,60.57412224,60.57412224,60.19506048,60.19506048,0.02532569,1.2542885300000008
1645920000,60.19506048,77.93441228,60.15690139,67.15663506,6.06264393,1.531152274000001
1646006400,67.15663506,71.24008801,67.08501033,67.54039205,2.56329973,1.629303869500001
1646092800,67.54039205,68.03746482,63.48038328,66.61219516,4.42026677,1.813943683500001
1646179200,66.61219516,68.08745771,65.79988067,67.67171023,2.01209944,1.7914505330000008
1646265600,67.67171023,68.95096886,65.89721679,68.00364979,3.7775686,1.9799806735000007
1646352000,68.00364979,68.15554201,65.38157902,65.91035839,1.71559417,1.9572793275000009
1646438400,65.91035839,65.91035839,64.50483427,64.64660601,0.99011218,1.9514367040000007
1646524800,64.64660601,64.93483245,63.56943166,63.73112316,0.44828471,1.873462221000001
1646611200,63.73112316,63.73112316,60.45950136,62.34984894,2.79421404,1.9696357495000008
1646697600,62.34984894,62.41388765,55.95928241,60.96179413,6.22526167,2.192106516500001
1646784000,60.96179413,65.79624068,60.08131382,65.79624068,4.80366537,2.379217240000001
1646870400,65.79624068,66.21872771,65.09514383,65.36577197,1.31297084,2.437365782000001
1646956800,65.36577197,73.27004681,65.36577197,73.14979619,4.49360426,2.653638491000001
1647043200,73.14979619,76.68637633,70.15606192,70.15606192,7.03584829,2.9600908555000007
1647129600,70.15606192,70.15606192,66.29058739,66.71728894,3.52328675,3.1149448720000006
1647216000,66.71728894,70.83791762,66.30445113,67.93314492,3.36591072,3.2821644605
1647302400,67.93314492,67.93314492,65.98577358,65.98577358,1.03883439,3.0925207215000006
1647388800,65.98577358,65.98577358,61.94266841,61.94266841,1.37662087,3.0375534640000006
1647475200,61.94266841,64.94912994,61.49976913,64.18859274,2.03804351,3.0011727965000006
1647561600,64.18859274,71.22527051,64.18859274,70.39018741,5.34386206,3.2670996150000007
1647648000,70.39018741,73.87225591,68.52761836,69.86711058,4.74991696,3.2014632665000007
1647734400,69.86711058,70.79778165,69.14648835,70.79778165,0.74351662,3.110474111000001
1647820800,70.79778165,70.79778165,69.66094334,70.59488746,0.49125572,2.914023558500001
1647907200,70.59488746,72.15491614,70.21273887,71.77530618,0.61923995,2.844380584000001
1647993600,71.77530618,72.25529738,70.99876175,70.99876175,0.49023145,2.6800137265000012
1648080000,70.99876175,73.28407446,70.29180069,72.83307217,0.75399246,2.6319336410000007
1648166400,72.83307217,73.3598506,70.90453888,70.90453888,0.73498626,2.619177345000001
1648252800,70.90453888,71.86894497,69.67555381,69.73407248,0.86364742,2.6399454805000007
1648339200,69.73407248,72.58489617,69.30745701,70.36879111,1.82432962,2.5914512595000008
1648425600,70.36879111,71.80130025,69.3087351,71.80130025,2.39462625,2.399919488500001
1648512000,71.80130025,71.80130025,69.84060363,70.35951693,0.85954389,2.2027134145000007
1648598400,70.35951693,70.35951693,67.45706772,68.19367927,1.06581966,2.190355855500001
1648684800,68.19367927,68.2228506,66.994025,66.994025,0.27500039,1.9794256620000013
1648771200,66.994025,67.50075527,65.42947409,65.70968336,0.70956403,1.6631114490000016
1648857600,65.70968336,69.68326901,65.70968336,68.63896943,1.9145176,1.5826729915000015
1648944000,68.63896943,68.65846066,67.28730265,67.60620243,1.03155585,1.4659552480000015
1649030400,67.60620243,68.06758366,67.2550622,67.61577058,0.48344933,1.4381859950000015
1649116800,67.61577058,67.61577058,66.50527715,66.50527715,0.34664422,1.3866871625000017
1649203200,66.50527715,66.50527715,65.03215388,65.43203173,0.52370546,1.3109702600000015
1649289600,65.43203173,65.94888748,64.83226706,65.30720507,0.71676399,1.0796153565000015
1649376000,65.30720507,65.30720507,64.8057386,65.20350967,0.03931438,0.8440852275000015
1649548800,65.20350967,65.22191264,63.55490856,63.72352958,0.71994839,0.8429068160000014
1649635200,63.72352958,63.73242692,63.00165065,63.1163232,0.28714365,0.8327012125000014
1649721600,63.1163232,63.20004833,58.03635778,59.18192293,2.47359803,0.9254191165000012
1649808000,59.18192293,61.20401433,58.37029904,61.20401433,1.26783864,0.9642994760000013
1649894400,61.20401433,61.83353155,60.83043115,61.83353155,1.02196892,0.9776982990000013
1649980800,61.83353155,62.5165705,61.83353155,62.5165705,0.16394582,0.9491462770000012
1650067200,62.5165705,62.5408643,61.95858436,61.95858436,0.09092293,0.9105100525000014
1650153600,61.95858436,62.31026035,60.69213421,60.74207904,1.04692065,0.8716396040000014
1650240000,60.74207904,61.37426707,60.62992746,60.991047,0.31473349,0.7676449660000013
1650326400,60.991047,61.0841706,60.64377932,60.78141675,0.05790272,0.7275629075000014
1650412800,60.78141675,61.16753809,55.46742853,56.16709277,6.12762611,0.9806532300000013
1650499200,56.16709277,56.7592978,55.20023486,55.20023486,1.16917689,1.0253620550000013
1650585600,55.20023486,60.46623569,55.20023486,58.52818819,4.10881608,1.1953246575000014
1650672000,58.52818819,59.84382184,57.0031292,59.60313515,2.71187265,1.2351924100000014
1650758400,59.60313515,59.89576348,59.08690432,59.89576348,0.58653817,1.2129415260000014
1650844800,59.89576348,63.96050979,59.89576348,62.75062933,3.14022776,1.3457804475000015
1650931200,62.75062933,62.75062933,60.35287235,61.42901775,0.79225967,1.3680612200000013
1651017600,61.42901775,61.46218509,60.64123771,60.64123771,0.37866267,1.3608090805000015
1651104000,60.64123771,60.93332973,60.43837653,60.54067694,0.23342512,1.3366421370000015
1651190400,60.54067694,61.23527424,58.60801135,59.50433288,2.26578045,1.4479654405000013
1651276800,59.50433288,60.47753484,59.41433503,60.47753484,0.26861379,1.4253987105000014
1651363200,60.47753484,60.98845917,60.47753484,60.98845917,0.18596941,1.4203399985000014
1651449600,60.98845917,60.98845917,60.23467875,60.23467875,0.1698528,1.3051527370000013
1651536000,60.23467875,60.72255528,59.66466601,60.42588897,0.73079343,1.2783004765000012
1651622400,60.42588897,60.5760765,59.6430705,59.84946413,0.68554065,1.2614790630000012
1651708800,59.84946413,60.10008012,59.7328041,59.7328041,0.19897368,1.2632304560000014
1651795200,59.7328041,60.10937868,58.12871104,58.26777349,0.71781128,1.2945748735000013
1651881600,58.26777349,58.26777349,56.65216631,57.00106223,0.52793586,1.2686256340000013
1651968000,57.00106223,57.00106223,55.03983796,55.06044671,0.69761258,1.2877695885000013
1652054400,55.06044671,55.51950327,48.4142955,49.6752467,8.03908094,1.6868284995000014
1652140800,49.6752467,51.71394435,49.6752467,51.71394435,1.06323242,1.4336088150000013
1652227200,51.71394435,52.04332468,49.47462545,50.06392796,2.88261722,1.5192808315000013
1652313600,50.06392796,50.06392796,46.0085973,46.29757707,6.7624464,1.6519623475000014
1652400000,46.29757707,49.03429751,45.97926283,46.44789631,4.03396838,1.7180671340000013
1652486400,46.44789631,46.9167964,46.44789631,46.9167964,0.00010657,1.6887455540000016
1652572800,46.9167964,55.4130493,46.9167964,54.30077257,5.17800499,1.7906344155000014
1652659200,54.30077257,54.30077257,51.12781455,51.68913917,1.84954142,1.8434985030000015
1652745600,51.68913917,51.68913917,50.37009903,50.37009903,0.57633798,1.8533822685000014
1652832000,50.37009903,50.5881975,50.12246452,50.12246452,0.21062597,1.8522423110000017
1652918400,50.12246452,50.50007942,50.12246452,50.49925398,0.59801949,1.7688542630000015
1653004800,50.49925398,50.7142452,49.80427753,49.80427753,0.33655176,1.7722511615000012
1653091200,49.80427753,50.03175366,49.61496428,49.61496428,0.12612633,1.7692590075000012
1653177600,49.61496428,49.61496428,49.45924317,49.45924317,0.03162097,1.7623474160000012
1653264000,49.45924317,49.73232469,47.88417672,47.88417672,1.0491722,1.7782663545000013
1653350400,47.88417672,47.88417672,46.27820959,46.27820959,0.82343853,1.785161248500001
1653436800,46.27820959,46.9375959,45.99151784,45.99151784,1.04241521,1.827333325000001
1653523200,45.99151784,45.99151784,45.00801913,45.14823449,0.6263017,1.8227578460000011
1653609600,45.14823449,45.76315458,40.80625257,44.60711441,10.6732496,2.330023533000001
1653696000,44.60711441,44.88113151,44.60711441,44.62124552,0.02394853,2.296340330500001
1653782400,44.62124552,44.88745087,44.61871716,44.88745087,0.00167106,1.8944698365000012
1653868800,44.88745087,45.88907264,44.39150699,45.88907264,1.10858321,1.8967373760000013
1653955200,45.88907264,47.49424291,45.88907264,47.02298959,1.00027175,1.8026201025000013
1654041600,47.02298959,47.46834726,46.50468104,47.46834726,0.88367533,1.5086815490000012
1654128000,47.46834726,47.50682822,47.46834726,47.50682822,0.03863929,1.308915094500001
1654214400,47.50682822,47.77555103,47.24989793,47.77555103,0.37280632,1.327550082000001
1654300800,47.77555103,47.77555103,47.76625174,47.76625174,0.01536779,1.0694182220000008
1654387200,47.76625174,47.76625174,47.41343194,47.41343194,0.35,0.9944411510000009
1654473600,47.41343194,47.41343194,45.13752111,45.87707205,2.22188561,1.0767185325000008
1654560000,45.87707205,46.49883183,45.87707205,46.49883183,0.12220342,1.072297405000001
1654646400,46.49883183,46.49883183,45.05097134,45.05097134,0.94519999,1.0896564300000011
1654732800,45.05097134,46.03717153,44.55620255,46.03717153,1.78831572,1.1622446280000012
1654819200,46.03717153,46.89336559,45.72746103,46.89336559,2.16373103,1.264124863000001
1654905600,46.89336559,46.98745068,46.55755096,46.55755096,0.24937447,1.275012538000001
1654992000,46.55755096,46.72471743,44.67309081,46.4459111,2.71468411,1.358288133500001
1655078400,46.4459111,46.54413423,43.88452962,44.17335082,3.93689093,1.513960753500001
1655164800,44.17335082,47.73539914,44.17335082,47.58171429,2.20280317,1.571980151500001
1655251200,47.58171429,48.09422594,47.3398017,48.09422594,0.56291191,1.568810662000001
1655337600,48.09422594,48.09422594,46.72752487,47.31439239,2.23574631,1.146935497500001
1655424000,47.31439239,49.76448197,47.31439239,48.93662611,2.97128065,1.294302103500001
1655510400,48.93662611,59.98951057,48.93662611,59.48687214,7.34318514,1.6613778075000014
1655596800,59.48687214,65.77565608,59.41817387,64.78407419,3.97309131,1.8046032125000013
1655683200,64.78407419,68.79676961,64.18814505,67.93269872,5.26849603,2.0180144265000015
1655769600,67.93269872,67.93269872,65.69685016,65.69685016,0.67161175,2.007411247500001
1655856000,65.69685016,68.64607581,63.96288566,63.96288566,3.11470845,2.1612147055000013
1655942400,63.96288566,64.30419479,62.99664972,62.99664972,0.56100626,2.170624702500001
1656028800,62.99664972,66.41223334,62.77643292,62.77643292,2.63003603,2.301358114500001
1656115200,62.77643292,64.37059749,62.77643292,64.37059749,0.65000059,2.316358144000001
1656201600,64.37059749,66.31632389,64.37059749,66.31632389,0.505,2.230513863500001
1656288000,66.31632389,66.86458025,65.88044182,66.38447548,0.78687261,2.2637473230000014
1656374400,66.38447548,67.99800558,65.60248921,65.60248921,2.3059053,2.331782588500001
1656460800,65.60248921,65.60248921,64.89455665,65.03417546,0.22102626,2.2534181155000015
1656547200,65.03417546,65.12318065,65.03417546,65.12318065,0.05450318,2.147956723000001
1656633600,65.12318065,65.44767219,65.12318065,65.44767219,0.14781732,2.142878865500001
1656720000,65.44767219,66.04110888,65.20320458,65.20320458,0.42457386,2.0283733530000014
1656806400,65.20320458,65.89371225,65.20320458,65.65386633,0.40617201,1.8518374070000014
1656892800,65.65386633,65.65386633,64.85795978,65.24468081,0.20297222,1.7518458595000013
1656979200,65.24468081,68.37030203,65.24468081,65.86499427,2.02697527,1.8250490275000015
1657065600,65.86499427,65.86499427,65.50111111,65.50111111,0.06889182,1.7167063030000012
1657152000,65.50111111,66.00705726,65.30384425,66.00705726,0.30624536,1.5834545385000012
1657238400,66.00705726,70.25153434,66.00705726,70.25153434,1.19633265,1.276111914000001
1657324800,70.25153434,76.43873459,70.25153434,74.13202063,4.28995327,1.2919550120000012
1657411200,74.13202063,76.00939863,74.13202063,75.646797,1.07626799,1.082343610000001
1657497600,75.646797,75.71949193,73.81099928,73.81099928,0.44680137,1.071103091000001
1657584000,73.81099928,75.32906141,73.66084301,75.32906141,0.42437844,0.9365865905000013
1657670400,75.32906141,76.03188783,75.2618826,75.86319995,0.19913401,0.9184929780000013
1657756800,75.86319995,75.86319995,75.45623233,75.45623233,0.2,0.7969911765000013
1657843200,75.45623233,79.26431142,75.45623233,78.06863006,1.91397874,0.8601900840000013
1657929600,78.06863006,80.97509013,78.06863006,80.95875238,0.7861202,0.8742460940000013
1658016000,80.95875238,81.72302638,80.95875238,81.33209667,0.1541741,0.8426111685000013
1658102400,81.33209667,82.34298709,81.33209667,81.91811732,0.30484682,0.7425582445000013
1658188800,81.91811732,81.91811732,78.85689544,78.85689544,1.7514195,0.8190779065000013
1658275200,78.85689544,79.06881578,77.46697722,78.20369431,0.54591169,0.8436483320000013
1658361600,78.20369431,78.54893265,76.92500596,77.09658505,0.38630623,0.8555727775000012
1658448000,77.09658505,77.09658505,76.45095501,76.45095501,0.05074641,0.8368814050000012
1658534400,76.45095501,76.90505643,76.04466942,76.62598882,0.89337283,0.8612414460000013
1658620800,76.62598882,76.62598882,73.3084892,73.33912684,0.84787453,0.8934865615000012
1658707200,73.33912684,73.37501676,71.82952366,71.82952366,0.30738854,0.8075072250000013
1658793600,71.82952366,72.46896973,68.35189337,69.95643219,2.61767069,0.9349461685000012
1658880000,69.95643219,70.00337008,69.12110716,69.70458182,0.95312146,0.9672899735000012
1658966400,69.70458182,69.70458182,68.10951716,68.41863992,0.4985433,0.9324005060000014
1659052800,68.41863992,68.41863992,67.21513521,67.21513521,0.86625055,0.7612153700000014
1659139200,67.21513521,67.21513521,64.63043031,65.25300206,1.48047396,0.7814256685000014
1659225600,65.25300206,66.01109271,65.25300206,65.91252575,0.73585474,0.7958783370000014
1659312000,65.91252575,71.40022185,65.53052334,69.69042632,2.88837986,0.9190784080000014
1659398400,69.69042632,70.77327582,69.69042632,70.77327582,0.38568648,0.9284060315000013
1659484800,70.77327582,73.81649195,67.70161707,72.64948695,4.79936014,1.1583740385000014
1659571200,72.64948695,73.14164394,72.52478225,73.14164394,0.1774454,1.0715473715000015
1659657600,73.14164394,73.40934755,72.55887933,72.55887933,0.3443837,1.0494605465000015
1659744000,72.55887933,72.55887933,71.60950527,72.31941417,0.5843865,1.0709711665000017
1659830400,72.31941417,72.68790121,72.26030876,72.26030876,0.00603738,1.0560306945000015
1659916800,72.26030876,72.69461725,71.95794493,71.95794493,0.15715111,0.9763172750000015
1660003200,71.95794493,71.95794493,70.75504886,70.75504886,0.37931386,0.9679873835000015
1660089600,70.75504886,71.16698635,70.75504886,71.16698635,0.21869448,0.9596067960000015
1660176000,71.16698635,71.55553225,71.11781694,71.11781694,0.01202056,0.9576705035000016
1660262400,71.11781694,71.11781694,70.02862035,70.02862035,0.72840022,0.9494218730000016
1660348800,70.02862035,70.02862035,68.90594879,68.98195463,0.35630188,0.9248432405000017
1660435200,68.98195463,68.98195463,68.24603775,68.24603775,0.12613622,0.9157806245000015
1660521600,68.24603775,68.93863994,67.67718079,68.23576175,0.83388946,0.8265915630000016
1660608000,68.23576175,68.23576175,67.07472825,67.07472825,0.25593877,0.7917324285000016
1660694400,67.07472825,67.61477827,66.23450571,66.23450571,0.34486443,0.7840484850000016
1660780800,66.23450571,66.23450571,65.42260031,65.42260031,0.35076644,0.7582742795000016
1660867200,65.42260031,67.19162624,63.59228679,64.13111018,2.86311395,0.8274062790000016
1660953600,64.13111018,65.44422247,64.13111018,65.44422247,0.46885117,0.8140561005000017
1661040000,65.44422247,65.80055131,65.24243704,65.24243704,0.35389275,0.6873317450000016
1661126400,65.24243704,65.24243704,63.23981176,63.39718986,0.72288622,0.7041917320000015
1661212800,63.39718986,63.57123569,63.01801284,63.03260318,0.11557339,0.4700023945000015
1661299200,63.03260318,64.09246764,63.03260318,64.09246764,0.24429149,0.47334469900000153
1661385600,64.09246764,64.22619203,63.33326852,64.14034021,0.47900245,0.4800756365000015
1661472000,64.14034021,64.85586243,64.07651045,64.85586243,0.20372457,0.46104254000000144
1661558400,64.85586243,66.13815803,64.70011214,65.39819406,0.66625778,0.49405356000000145
1661644800,65.39819406,65.77942699,65.07768867,65.07768867,0.20870467,0.4966312380000015
1661731200,65.07768867,65.15231275,64.4502633,64.53147724,0.20371896,0.48785149300000147
1661904000,64.53147724,64.5431892,64.53147724,64.5431892,0.00378785,0.4771061615000015
1661990400,64.5431892,64.5431892,63.85498734,63.85498734,0.2,0.48650513350000146
1662076800,63.85498734,63.91411406,63.06731328,63.06731328,0.17140098,0.45865517150000146
1662249600,63.06731328,63.06731328,62.82734745,62.82734745,0.15,0.4483400775000015
1662336000,62.82734745,62.82734745,62.30632675,62.38974439,0.20366663,0.4522165980000016
1662422400,62.38974439,62.41313441,61.16814589,61.31026568,0.7154943,0.4462968400000015
1662508800,61.31026568,61.67569433,60.96236838,61.67569433,0.23523919,0.44526186100000154
1662595200,61.67569433,61.9215132,61.56065514,61.56065514,0.01417015,0.42872714700000153
1662681600,61.56065514,61.56065514,60.86701814,60.86701814,0.29696655,0.4260371525000016
1662768000,60.86701814,60.86701814,60.43594391,60.43594391,0.20653654,0.2932082820000016
1662854400,60.43594391,60.51876443,60.15319608,60.15475044,0.01416085,0.2704737660000016
1662940800,60.15475044,60.5129155,60.06616802,60.06616802,0.06006921,0.2557825890000016
1663027200,60.06616802,61.75320522,60.06616802,61.75320522,0.73294611,0.25628558350000163
1663113600,61.75320522,63.85422164,61.75320522,63.41592957,0.75038689,0.28802625850000163
1663200000,63.41592957,64.0567175,62.95687048,62.95687048,0.5361449,0.3026189290000016
1663286400,62.95687048,63.1974148,61.71499953,61.8689843,0.50209304,0.3037734585000016
1663372800,61.8689843,61.87731851,61.34858173,61.34858173,0.11238012,0.29920623600000157
1663459200,61.34858173,61.34858173,61.00671201,61.00671201,0.12175008,0.2719808510000016
1663545600,61.00671201,61.77516569,61.00671201,61.77516569,0.21004441,0.2720478380000016
1663632000,61.77516569,61.77516569,61.02721364,61.3888032,0.38310941,0.2810173605000016
1663718400,61.3888032,62.31896315,60.75894906,62.31896315,0.80665773,0.3211608545000016
1663804800,62.31896315,62.84210535,62.31896315,62.68705585,0.15239447,0.3187805780000016
1663891200,62.68705585,62.68705585,62.38922768,62.38922768,0.09922013,0.3151715355000016
1663977600,62.38922768,62.77446741,62.38922768,62.77446741,0.00392385,0.30786772800000156
1664064000,62.77446741,62.7824436,62.40586561,62.40586561,0.00805991,0.29808739200000156
1664150400,62.40586561,63.00286529,62.4028439,63.00286529,0.15122897,0.26987412550000156
1664236800,63.00286529,64.9925511,63.00286529,64.82947565,1.06125518,0.3111749250000016
1664323200,64.82947565,66.1468975,64.82653773,66.1468975,0.31035786,0.3259843105000016
1664409600,66.1468975,66.1468975,63.47692322,63.47692322,0.7978295,0.35102745800000157
1664496000,63.47692322,63.81787352,62.3781207,62.3781207,0.43052726,0.3622269940000016
1664582400,62.3781207,62.55615375,62.3781207,62.55615375,0.01090078,0.3620639905000016
1664668800,62.55615375,62.56837589,62.19195148,62.56399892,0.01229664,0.3596753620000016
1664755200,62.56399892,63.45823015,61.58260994,63.21032421,1.00023263,0.3730396880000016
1664841600,63.21032421,63.95762544,63.21032421,63.95762544,0.33089322,0.3520650045000016
1664928000,63.95762544,63.95762544,63.79901108,63.79901108,0.0041995,0.3254677345000016
1665014400,63.79901108,64.64771337,63.79901108,64.23894607,0.16662085,0.3086941250000016
1665100800,64.23894607,64.23894607,63.98672335,63.98672335,0.15014946,0.3105825920000016
1665187200,63.98672335,64.4229257,63.98672335,64.4229257,0.16627434,0.31280880500000163
1665273600,64.4229257,64.4229257,64.16195878,64.16195878,0.07,0.30580658450000164
1665360000,64.16195878,64.43933421,64.16195878,64.43933421,5.2e-7,0.28665114000000164
1665446400,64.43933421,64.43941052,63.82246746,63.82246746,0.15004842,0.2538206745000017
1665532800,63.82246746,63.82246746,63.10877729,63.70300417,0.31373866,0.2618878840000017
1665619200,63.70300417,67.17182419,63.70300417,64.58235186,2.13706537,0.3637801460000017
1665792000,64.58235186,64.9614365,64.33883111,64.33883111,0.15295898,0.3712319025000017
1665964800,64.33883111,64.49159099,63.41417904,63.73957394,0.40947806,0.39130281000000167
1666051200,63.73957394,63.73957394,63.51144867,63.51144867,0.0055258,0.38401765150000167
1666137600,63.51144867,64.11744043,63.51144867,64.11744043,0.15,0.3384548925000017
1666224000,64.11744043,64.45055565,63.7045474,64.45055565,0.32204083,0.3390390410000017
1666310400,64.45055565,64.77579221,64.27183859,64.59234454,0.28177073,0.3132361025000017
1666396800,64.59234454,64.97146092,63.78041193,63.78041193,0.39921088,0.3116702835000017
1666483200,63.78041193,64.96777742,63.41962249,64.96777742,0.45223834,0.3337371615000017
1666569600,64.96777742,65.20713427,64.2661047,64.2661047,0.25146551,0.34569560500000174
1666656000,64.2661047,64.2661047,63.69331305,64.23244818,0.36862402,0.31411517450000176
1666742400,64.23244818,65.20635686,64.05315879,64.7871942,1.04909038,0.3500250325000017
1666828800,64.7871942,64.7871942,63.25723298,63.41547557,0.47583074,0.3736065945000017
1666915200,63.41547557,63.72747042,63.41547557,63.72747042,0.2,0.37527555200000173
1667001600,63.72747042,64.94656266,63.72747042,64.94656266,0.41009632,0.3882728950000017
1667088000,64.94656266,64.94656266,64.32514085,64.32514085,0.15,0.38745917800000174
1667174400,64.32514085,64.32514085,63.5911991,64.28003101,0.38363938,0.4031411470000018
1667260800,64.28003101,66.34428433,64.28003101,66.34428433,0.63699927,0.4349910845000018
1667347200,66.34428433,66.34428433,65.45442469,65.45442469,0.30361152,0.44266923950000187
1667433600,65.45442469,65.68792792,64.97754486,65.68792792,0.34906669,0.4444356410000019
1667520000,65.68792792,65.68792792,64.42580808,64.42580808,0.30021572,0.35259315850000184
1667606400,64.42580808,64.93508079,64.42580808,64.93508079,0.07699998,0.34879520850000184
1667692800,64.93508079,64.93508079,64.43300148,64.59255244,0.15427945,0.3360352780000019
1667779200,64.59255244,64.59926945,61.59404745,62.65189146,1.74546433,0.4230322045000019
1667865600,62.65189146,62.87563965,62.13000575,62.42747114,0.45215512,0.4381399605000019
1667952000,62.42747114,62.42747114,60.47709257,60.47709257,0.71015383,0.45754561050000186
1668038400,60.47709257,63.71253372,60.47709257,63.62896804,1.17172086,0.5020431170000019
1668124800,63.62896804,63.83790314,63.32212238,63.83790314,0.4868454,0.5064248430000019
1668211200,63.83790314,64.29114909,62.97811574,62.97811574,0.3205241,0.49983913100000193
1668297600,62.97811574,63.39782884,62.97811574,63.39782884,0.03603069,0.489067390000002
1668384000,63.39782884,63.97670246,62.3310301,63.95187831,2.20463451,0.580867914500002
1668470400,63.95187831,66.34038652,63.11112787,64.98085951,2.04969015,0.6308979030000019
1668556800,64.98085951,64.98085951,64.03603777,64.65823264,0.15253614,0.614733173000002
1668643200,64.65823264,64.90887951,64.65823264,64.90887951,0.00924373,0.605195359500002
1668729600,64.90887951,64.93562507,64.90887951,64.93562507,0.00769993,0.5850755400000021
1668902400,64.93562507,64.93562507,63.53092613,63.53092613,0.46217551,0.600684315500002
1668988800,63.53092613,63.53092613,61.96863658,62.39944599,0.65569071,0.614286882000002
1669075200,62.39944599,62.78964783,62.24752484,62.78964783,0.1922618,0.592050008500002
1669161600,62.78964783,63.01967113,62.63651119,62.63651119,0.00915805,0.577327335000002
1669248000,62.63651119,63.08321264,62.63651119,63.08321264,0.05231186,0.5624895935000019
1669334400,63.08321264,63.20078722,62.77931392,63.20078722,0.03481829,0.5492197220000019
1669420800,63.20078722,63.25101731,62.82496371,62.82496371,0.0324832,0.5469938830000018
1669507200,62.82496371,63.46224026,62.82496371,63.46224026,0.20084444,0.5493221325000018
1669593600,63.46224026,66.8237382,63.46224026,64.64610868,2.82388263,0.6032430475000018
1669680000,64.64610868,64.99368196,64.57070349,64.99368196,0.02898715,0.5820846490000018
1669766400,64.99368196,64.99494228,64.99368196,64.99494228,0.00036304,0.5465951095000018
1669852800,64.99494228,64.99680767,64.06537816,64.22944024,0.55856211,0.5159371720000018
1669939200,64.22944024,64.55798429,64.22944024,64.55798429,0.00157939,0.4916738715000018
1670025600,64.55798429,64.56011921,64.55798429,64.56011921,0.00118809,0.47570707100000176
1670112000,64.56011921,64.56011921,64.15579544,64.15579544,0.012525,0.4745317865000017
1670198400,64.15579544,64.15579544,61.94975169,62.65669074,1.33943879,0.4312720005000017
1670284800,62.65669074,62.65669074,61.98805132,61.98805132,0.45,0.3512874930000017
1670371200,61.98805132,61.99270681,61.98805132,61.99270681,0.00042641,0.34368200650000175
1670457600,61.99270681,62.5075226,61.99270681,62.5075226,0.17733194,0.35208641700000176
1670544000,62.5075226,62.52242897,62.14969747,62.14969747,0.00370474,0.35188665750000175
1670630400,62.14969747,62.53593229,62.14969747,62.16031789,0.00505992,0.32903087800000175
1670716800,62.16031789,65.49765225,62.16031789,63.37819128,1.99552502,0.39602259350000174
1670803200,63.37819128,63.41385582,63.01297086,63.41385582,0.01188582,0.3870037945000017
1670976000,63.41385582,63.41385582,62.82310731,62.82310731,0.07124729,0.3901082565000017
1671062400,62.82310731,63.22680367,62.82310731,62.8715346,0.01928243,0.3884567850000017
1671148800,62.8715346,63.28899834,62.85747791,62.85747791,0.03470119,0.38845093000000175
1671235200,62.85747791,63.23802089,62.85328502,62.8596208,0.00540522,0.38709703100000176
1671321600,62.8596208,62.8596208,62.85115822,62.85115822,0.00293729,0.3772016735000018
1671408000,62.85115822,63.23547174,61.89452401,61.89452401,0.35625364,0.25382022400000176
1671494400,61.89452401,62.26905827,61.89452401,62.26905827,0.03924068,0.2543329005000018
1671580800,62.26905827,62.26905827,61.31130633,61.31130633,0.2516,0.2668947485000018
1671753600,61.31130633,61.99857713,61.31130633,61.99857713,0.15936632,0.24693495900000179
1671840000,61.99857713,61.99857713,61.62768848,61.62768848,0.00028505,0.2468702420000018
1671926400,61.62768848,61.62768848,61.62632682,61.62632682,0.00064839,0.2468432570000018
1672012800,61.62632682,62.03167826,61.62632682,61.67126796,0.0245722,0.24744561700000176
1672099200,61.67126796,62.10313243,61.53167103,61.53167103,0.18085281,0.18951631800000177
1672185600,61.53167103,62.49449885,61.53167103,62.49449885,0.35,0.18451631800000176
1672272000,62.49449885,64.12774303,62.49449885,63.93036414,0.52857407,0.21092370100000174
1672358400,63.93036414,64.30987125,63.92007951,63.92007951,0.00310051,0.20221212950000175
1672444800,63.92007951,63.92007951,63.91445224,63.91445224,0.00063079,0.20205843200000176
1672531200,63.91445224,64.25274386,63.66480638,63.8494982,0.20151781,0.21188132650000177
1672617600,63.8494982,63.8494982,63.0100872,63.0100872,0.16596591,0.12040337100000179
1672704000,63.0100872,64.02142226,63.0100872,64.02142226,0.4076,0.1401890800000018
1672790400,64.02142226,64.6853252,64.02142226,64.6853252,0.01378719,0.13731607500000179
1672876800,64.6853252,65.34891802,64.6853252,64.97167976,0.24424625,0.14856426600000178
1672963200,64.97167976,66.037811,64.97167976,65.64218535,0.22144591,0.15790150200000178
1673049600,65.64218535,66.07846907,65.64218535,66.07846907,0.01539807,0.15840114450000176
1673136000,66.07846907,66.07846907,64.22756783,64.22756783,0.55913768,0.18621116400000176
1673395200,64.22756783,65.0405282,64.22756783,64.64904411,0.15561734,0.17617934900000176
1673481600,64.64904411,65.03869459,64.64904411,64.6493811,0.00225459,0.17433004450000178
1673568000,64.6493811,64.6493811,64.17939975,64.32973829,0.45132667,0.18431637800000178
1673654400,64.32973829,64.5727302,64.1756378,64.56657036,0.01650178,0.17717315100000178
1673740800,64.56657036,65.26240098,64.56657036,65.26240098,0.22078547,0.18819817200000177
1673827200,65.26240098,67.22973704,65.26240098,65.6435202,1.40819519,0.2585755120000018
1673913600,65.6435202,66.03608642,65.42488092,65.42488092,0.13705583,0.2641996935000018
1674000000,65.42488092,65.42488092,64.35482079,64.51924053,0.39229446,0.27477177600000174
1674086400,64.51924053,64.51924053,64.1214822,64.1214822,0.00415804,0.25747967800000177
1674172800,64.1214822,64.50690022,64.12013064,64.12090992,0.00095094,0.23109852150000174
1674259200,64.12090992,64.12090992,63.46497124,63.81796241,0.22618169,0.2422525805000017
1674345600,63.81796241,64.71501902,63.43692581,64.71501902,0.3894373,0.2616929060000017
1674432000,64.71501902,64.71501902,64.14460939,64.14460939,0.20671151,0.2619525910000017
1674518400,64.14460939,64.53650426,63.94964069,63.94964069,0.13457948,0.26038326950000173
1674604800,63.94964069,64.16488487,63.94964069,64.16488487,0.00779729,0.2403931340000017
1674691200,64.16488487,64.17407516,63.72014213,64.0290917,0.05964017,0.24268578300000168
1674777600,64.0290917,64.22138714,64.0290917,64.22138714,0.09687225,0.23531708300000168
1674864000,64.22138714,65.09636885,64.22138714,65.09636885,0.31816723,0.24015314900000168
1674950400,65.09636885,65.09636885,64.31440752,64.31440752,0.20385714,0.2495761025000017
1675036800,64.31440752,64.78601841,63.93005232,64.70057052,0.37816212,0.2405273245000017
1675123200,64.70057052,64.70057052,63.38409905,63.38409905,0.50022366,0.25775764050000166
1675209600,63.38409905,63.38409905,63.15000156,63.15000156,0.00318634,0.2578042280000017
1675296000,63.15000156,63.15000156,63.14272157,63.14272157,0.00159981,0.23531788500000167
1675382400,63.14272157,63.14272157,62.05089171,62.05089171,0.3,0.24949279600000168
1675468800,62.05089171,62.21469042,62.05089171,62.21469042,0.00766439,0.2388367420000017
1675555200,62.21469042,62.21469042,61.7231249,61.7231249,0.08602318,0.17272814150000174
1675641600,61.7231249,61.7231249,60.9676987,61.31224473,0.5694429,0.19434749500000173
1675814400,61.31224473,61.33830773,60.98749444,60.98749444,0.02113403,0.1757894735000017
1675900800,60.98749444,61.47048849,60.98749444,61.47048849,0.05436937,0.1783000400000017
1675987200,61.47048849,61.78813631,61.47048849,61.78813631,0.17694337,0.1870996615000017
1676073600,61.78813631,62.0277468,61.65541322,61.65624196,0.00107871,0.17584451250000172
1676160000,61.65624196,61.76537481,61.5254132,61.76537481,0.08915463,0.1608303790000017
1676332800,61.76537481,61.96401171,61.37605156,61.69372888,0.26805865,0.1638977360000017
1676419200,61.69372888,62.21596867,61.69372888,62.21596867,0.1696574,0.16565163200000171
1676505600,62.21596867,62.68018402,62.21596867,62.50651024,0.18769316,0.1746464255000017
1676592000,62.50651024,62.88777066,62.50651024,62.88777066,0.028,0.1730644170000017
1676678400,62.88777066,62.88777066,62.45113038,62.45113038,0.04809475,0.17062554200000168
1676764800,62.45113038,62.45113038,62.39010343,62.39010343,0.01282065,0.1553582130000017
1676851200,62.39010343,63.40321804,62.39010343,63.40321804,0.2412878,0.15722974600000167
1676937600,63.40321804,63.40321804,62.30337966,62.30337966,0.38,0.15732164000000168
1677024000,62.30337966,62.30337966,61.90156406,61.90156406,0.02582411,0.13360166250000166
1677110400,61.90156406,62.68771414,61.90156406,62.68771414,0.2871376,0.14779922550000166
1677196800,62.68771414,63.14587034,62.68771414,63.14587034,0.01583635,0.14851105250000166
1677283200,63.14587034,63.14587034,62.53658811,62.53658811,0.17,0.14201105250000165
1677369600,62.53658811,62.68443758,62.27982018,62.68443758,0.01955497,0.14260558150000166
1677456000,62.68443758,62.68443758,61.99082607,61.99082607,0.23,0.14980442250000164
1677542400,61.99082607,62.07857776,61.99082607,62.07857776,0.03785525,0.12322504000000165
1677715200,62.07857776,62.18888125,61.54815315,61.54815315,0.23496958,0.13391681750000167
1677801600,61.54815315,61.66386117,61.27553208,61.27553208,0.02936245,0.13266647150000166
1677888000,61.27553208,62.14263866,61.27553208,62.14263866,0.17781811,0.13271020850000165
1677974400,62.14263866,64.21458874,62.14263866,63.99781475,0.75226474,0.17026951000000165
1678060800,63.99781475,65.47885413,63.99781475,65.47885413,0.40744894,0.18618422550000166
1678147200,65.47885413,66.25149003,65.47885413,65.80795543,0.3961755,0.19259006800000167
1678233600,65.80795543,65.80795543,64.24099308,64.24099308,0.48730181,0.20847228850000166
1678320000,64.24099308,64.43428973,64.03454622,64.03454622,0.02194743,0.2001850020000017
1678579200,64.03454622,65.08549719,64.03454622,65.08549719,0.21830575,0.2097002895000017
1678665600,65.08549719,65.48330882,64.6932902,65.27281625,0.33477991,0.2240345475000017
1678752000,65.27281625,67.87683963,65.27281625,66.63090427,1.49607577,0.29819730350000173
1678838400,66.63090427,66.73203636,66.1366713,66.73203636,0.12033793,0.2921498100000017
1678924800,66.73203636,66.73203636,66.52303243,66.52303243,0.00143563,0.2732215915000017
1679011200,66.52303243,68.89657064,66.52303243,68.89657064,0.60530029,0.30219540050000165
1679097600,68.89657064,71.50719031,68.89657064,71.50719031,0.8700671,0.3313418755000016
1679184000,71.50719031,74.13407696,71.50719031,73.92423117,0.93433352,0.37726673400000166
1679270400,73.92423117,73.92423117,68.66355847,68.66355847,1.51433374,0.44448342100000165
1679356800,68.66355847,69.00409082,64.3291491,64.72040532,1.57486466,0.5222489055000017
1679443200,64.72040532,64.72040532,61.08346656,61.34883011,1.30186818,0.5758423145000016
1679529600,61.34883011,61.57353527,61.19852239,61.19852239,0.08047866,0.5779734850000017
1679616000,61.19852239,61.19852239,59.47228104,59.47940334,0.83262624,0.6078563180000016
1679702400,59.47940334,59.48311412,58.74951873,58.74951873,0.27771799,0.6202740950000016
1679788800,58.74951873,61.80192167,58.74951873,59.89111223,1.85887307,0.7043268430000016
1679875200,59.89111223,61.68854716,59.89111223,61.68854716,0.50355508,0.6918913600000016
1679961600,61.68854716,62.5166912,61.68854716,62.5166912,0.51225892,0.6971318590000016
1680048000,62.5166912,62.84251625,62.5166912,62.8159891,0.01750612,0.6781983900000016
1680134400,62.8159891,62.8159891,62.72152744,62.72152744,0.02985998,0.6553262985000016
1680393600,62.72152744,62.72152744,59.93175202,59.93175202,1.27196132,0.7178269930000015
1680480000,59.93175202,59.93175202,59.8845834,59.8845834,0.01272702,0.7075480565000014
1680566400,59.8845834,60.22758388,59.44809651,59.44809651,0.30009069,0.7058135955000014
1680652800,59.44809651,59.44809651,58.48549781,58.48549781,0.4,0.6510098070000014
1680739200,58.48549781,58.48549781,57.12350106,57.12350106,0.54795539,0.6723906800000015
1680825600,57.12350106,57.13682125,56.57461171,56.57461171,0.17004662,0.6808212295000016
1680998400,56.57461171,56.70000485,56.57461171,56.70000485,0.00204233,0.6506583315000015
1681084800,56.70000485,56.70000485,56.30999555,56.30999555,0.04332637,0.6093212950000015
1681171200,56.30999555,56.64120897,56.30999555,56.64120897,0.00072792,0.5626410150000016
1681257600,56.64120897,56.64120897,56.19492361,56.5280094,0.04445252,0.48914695400000163
1681344000,56.5280094,59.02448118,53.50983457,53.68813946,3.48400877,0.5846041595000017
1681430400,53.68813946,54.32559744,53.61672482,53.61672482,0.42920376,0.5409709385000017
1681516800,53.61672482,53.61672482,53.2121173,53.29858898,0.06053408,0.5399737095000017
1681603200,53.29858898,53.61950418,53.29637291,53.61573582,0.00209396,0.49844709550000166
1681689600,53.61573582,53.62633785,53.28623781,53.28623781,0.02367091,0.4857447415000017
1681776000,53.28623781,53.28623781,52.13738169,52.13738169,0.99,0.44230108800000173
1681862400,52.13738169,52.13738169,50.73362454,50.73362454,0.16364444,0.42530555600000175
1681948800,50.73362454,50.73362454,50.09763951,50.09763951,0.40720615,0.42005291750000173
1682035200,50.09763951,50.09763951,45.85331689,45.85331689,2.61967559,0.5501613910000017
1682121600,45.85331689,48.09812152,45.85331689,48.09812152,1.47841893,0.6225893385000018
1682208000,48.09812152,48.32778177,48.0461228,48.0461228,0.02797286,0.5603899155000017
1682294400,48.0461228,48.35277856,48.0461228,48.09009223,0.02723554,0.5611153415000018
1682467200,48.09009223,49.36579391,48.09009223,49.36579391,0.65,0.5786108070000018
1682553600,49.36579391,49.77977453,49.36579391,49.47755956,0.08517737,0.5628696755000018
1682640000,49.47755956,50.47092802,49.47755956,49.9126778,0.69160532,0.5700521720000018
1682899200,49.9126778,54.44684554,49.9126778,53.94286832,2.50452925,0.6867763035000017
1682985600,53.94286832,54.02532865,53.91369803,53.91369803,0.3240803,0.7028782020000017
1683072000,53.91369803,54.16630318,53.44761226,53.44761226,0.37052254,0.7192380105000017
1683158400,53.44761226,53.44761226,51.37340539,51.37340539,0.9,0.7642016145000017
1683244800,51.37340539,51.37340539,46.63824327,49.53274827,4.32326205,0.9781420910000017
1683417600,49.53274827,50.12599743,49.53274827,50.12599743,0.02605275,0.8052442900000019
1683504000,50.12599743,50.36030206,49.84939589,50.05987626,0.40112958,0.8038405810000018
1683590400,50.05987626,50.05987626,49.5810019,49.5810019,0.25,0.8133138770000018
1683676800,49.5810019,49.5810019,48.81924944,48.81924944,0.478,0.8371091790000019
1683763200,48.81924944,48.81924944,48.35159751,48.35159751,0.04024156,0.8379377115000018
1684022400,48.35159751,48.35159751,48.28886134,48.28886134,0.04308063,0.7905917430000018
1684108800,48.28886134,48.54599611,48.28886134,48.54599611,0.00993833,0.7829064375000019
1684195200,48.54599611,48.84328457,48.54599611,48.84328457,0.14124682,0.7696084710000017
1684281600,48.84328457,48.84328457,47.25580863,47.25580863,1.39,0.7081246915000018
1684368000,47.25580863,47.71088244,47.25580863,47.71088244,0.05249745,0.6368286175000019
1684454400,47.71088244,47.91286257,47.71088244,47.82674151,0.20003427,0.6454316880000018
1684540800,47.82674151,48.31858572,47.82674151,48.02876332,0.10055669,0.6490977455000018
1684627200,48.02876332,48.32437572,48.02876332,48.32437572,0.00642552,0.6169190215000018
1684800000,48.32437572,48.32437572,47.99095643,47.99095643,0.05,0.6151601530000018
1684886400,47.99095643,49.84896681,47.91802389,49.84896681,0.83559666,0.6223597200000018
1684972800,49.84896681,49.85300439,49.84896681,49.85300439,0.00044466,0.49715549050000174